<?xml version="1.0" encoding="UTF-8"?>
<config xmlns="http://www.knime.org/2008/09/XMLConfig" xmlns:xsi="http://www.w3.org/2001/XMLSchema-instance" xsi:schemaLocation="http://www.knime.org/2008/09/XMLConfig http://www.knime.org/XMLConfig_2008_09.xsd" key="model.xml">
    <entry key="version" type="xint" value="1"/>
    <entry key="class_name" type="xstring" value="org.knime.base.data.normalize.NormalizerPortObject"/>
    <config key="model">
        <config key="columns">
            <config key="Mean(Vind Hastighet)">
                <entry key="column_name" type="xstring" value="Mean(Vind Hastighet)"/>
                <entry key="column_scale" type="xdouble" value="2.114569004599426"/>
                <entry key="column_translate" type="xdouble" value="-5.928832390717279"/>
                <entry key="column_min" type="xdouble" value="NaN"/>
                <entry key="column_max" type="xdouble" value="NaN"/>
            </config>
            <config key="Tot+Mean(Value)">
                <entry key="column_name" type="xstring" value="Tot+Mean(Value)"/>
                <entry key="column_scale" type="xdouble" value="5.90103447129297E-4"/>
                <entry key="column_translate" type="xdouble" value="-8.656620868237745"/>
                <entry key="column_min" type="xdouble" value="NaN"/>
                <entry key="column_max" type="xdouble" value="NaN"/>
            </config>
        </config>
        <entry key="summary" type="xstring" value="Z-Score (Gaussian) normalization on 2 column(s)"/>
    </config>
</config>
