<?xml version="1.0" encoding="UTF-8"?>
<config xmlns="http://www.knime.org/2008/09/XMLConfig" xmlns:xsi="http://www.w3.org/2001/XMLSchema-instance" xsi:schemaLocation="http://www.knime.org/2008/09/XMLConfig http://www.knime.org/XMLConfig_2008_09.xsd" key="model.xml">
    <entry key="version" type="xint" value="1"/>
    <entry key="class_name" type="xstring" value="org.knime.base.data.normalize.NormalizerPortObject"/>
    <config key="model">
        <config key="columns">
            <config key="Mean(Nederbördsmängd (m))">
                <entry key="column_name" type="xstring" value="Mean(Nederbördsmängd (m))"/>
                <entry key="column_scale" type="xdouble" value="0.2826003792965921"/>
                <entry key="column_translate" type="xdouble" value="-0.014585826028211206"/>
                <entry key="column_min" type="xdouble" value="0.0"/>
                <entry key="column_max" type="xdouble" value="1.0"/>
            </config>
            <config key="Tot+Mean(Value)">
                <entry key="column_name" type="xstring" value="Tot+Mean(Value)"/>
                <entry key="column_scale" type="xdouble" value="1.8615040953090097E-4"/>
                <entry key="column_translate" type="xdouble" value="-2.3114296351451973"/>
                <entry key="column_min" type="xdouble" value="0.0"/>
                <entry key="column_max" type="xdouble" value="1.0"/>
            </config>
        </config>
        <entry key="summary" type="xstring" value="Min/Max (0.0, 1) normalization on 2 column(s)"/>
    </config>
</config>
